調査ID,シート名,地域名,調査日時,天気,記帳者,対象樹種,面積(㎡),斜面位置,斜面方位,傾斜度,緯度,経度,平均樹高(m),平均枝下高(m),平均胸高直径(cm),立木本数
P001,P001,高松市,2026/5/17 12:30～13:30,晴れ,侍,スギ,400,中部斜面,北東,25.0,34.364769,134.141581,19.2,7.7,27.0,30
P002,P002,高松市,2026/5/17 14:10～15:00,曇り,侍,スギ,400,上部斜面,南,30.0,34.363030,134.144257,19.5,8.2,27.0,30
P003,P003,高松市,2026/5/18 9:30～10:30,晴れ,侍,スギ,200,下部斜面,東,18.0,34.361749,134.144925,21.7,7.5,30.5,30
